user_id,user_name,city,effective_from,effective_to,is_current
U1,user_0,Mumbai,2026-01-01,,True
U2,user_1,Delhi,2026-01-01,,True
U3,user_2,Jaipur,2026-01-01,,True
U4,user_3,Mumbai,2026-01-01,,True
U5,user_4,Delhi,2026-01-01,,True
U6,user_5,Mumbai,2026-01-01,,True
U7,user_6,Jaipur,2026-01-01,,True
U8,user_7,Bangalore,2026-01-01,,True
U9,user_8,Jaipur,2026-01-01,2026-04-15,False
U9,user_8,Bangalore,2026-04-16,,True
U10,user_9,Mumbai,2026-01-01,,True
U11,user_10,Mumbai,2026-01-01,,True
U12,user_11,Delhi,2026-01-01,,True
U13,user_12,Mumbai,2026-01-01,,True
U14,user_13,Bangalore,2026-01-01,,True
U15,user_14,Delhi,2026-01-01,,True
U16,user_15,Delhi,2026-01-01,2026-04-15,False
U16,user_15,Jaipur,2026-04-16,,True
U17,user_16,Jaipur,2026-01-01,,True
U18,user_17,Mumbai,2026-01-01,,True
U19,user_18,Jaipur,2026-01-01,,True
U20,user_19,Jaipur,2026-01-01,,True
U21,user_20,Delhi,2026-01-01,2026-04-15,False
U21,user_20,Bangalore,2026-04-16,,True
U22,user_21,Bangalore,2026-01-01,,True
U23,user_22,Bangalore,2026-01-01,,True
U24,user_23,Bangalore,2026-01-01,,True
U25,user_24,Mumbai,2026-01-01,,True
U26,user_25,Jaipur,2026-01-01,2026-04-15,False
U26,user_25,Mumbai,2026-04-16,,True
U27,user_26,Mumbai,2026-01-01,,True
U28,user_27,Delhi,2026-01-01,,True
U29,user_28,Jaipur,2026-01-01,,True
U30,user_29,Jaipur,2026-01-01,2026-04-15,False
U30,user_29,Bangalore,2026-04-16,,True
U31,user_30,Mumbai,2026-01-01,,True
U32,user_31,Bangalore,2026-01-01,2026-04-15,False
U32,user_31,Jaipur,2026-04-16,,True
U33,user_32,Bangalore,2026-01-01,2026-04-15,False
U33,user_32,Jaipur,2026-04-16,,True
U34,user_33,Mumbai,2026-01-01,,True
U35,user_34,Jaipur,2026-01-01,2026-04-15,False
U35,user_34,Bangalore,2026-04-16,,True
U36,user_35,Jaipur,2026-01-01,,True
U37,user_36,Jaipur,2026-01-01,,True
U38,user_37,Mumbai,2026-01-01,,True
U39,user_38,Bangalore,2026-01-01,,True
U40,user_39,Mumbai,2026-01-01,,True
U41,user_40,Bangalore,2026-01-01,,True
U42,user_41,Mumbai,2026-01-01,,True
U43,user_42,Jaipur,2026-01-01,,True
U44,user_43,Delhi,2026-01-01,,True
U45,user_44,Mumbai,2026-01-01,,True
U46,user_45,Delhi,2026-01-01,,True
U47,user_46,Delhi,2026-01-01,,True
U48,user_47,Bangalore,2026-01-01,,True
U49,user_48,Mumbai,2026-01-01,,True
U50,user_49,Mumbai,2026-01-01,,True
U51,user_50,Bangalore,2026-01-01,,True
U52,user_51,Jaipur,2026-01-01,,True
U53,user_52,Mumbai,2026-01-01,,True
U54,user_53,Mumbai,2026-01-01,,True
U55,user_54,Delhi,2026-01-01,,True
U56,user_55,Bangalore,2026-01-01,,True
U57,user_56,Jaipur,2026-01-01,,True
U58,user_57,Bangalore,2026-01-01,,True
U59,user_58,Bangalore,2026-01-01,2026-04-15,False
U59,user_58,Delhi,2026-04-16,,True
U60,user_59,Jaipur,2026-01-01,2026-04-15,False
U60,user_59,Delhi,2026-04-16,,True
U61,user_60,Bangalore,2026-01-01,,True
U62,user_61,Delhi,2026-01-01,,True
U63,user_62,Delhi,2026-01-01,2026-04-15,False
U63,user_62,Mumbai,2026-04-16,,True
U64,user_63,Bangalore,2026-01-01,,True
U65,user_64,Mumbai,2026-01-01,2026-04-15,False
U65,user_64,Delhi,2026-04-16,,True
U66,user_65,Delhi,2026-01-01,,True
U67,user_66,Jaipur,2026-01-01,2026-04-15,False
U67,user_66,Mumbai,2026-04-16,,True
U68,user_67,Jaipur,2026-01-01,2026-04-15,False
U68,user_67,Mumbai,2026-04-16,,True
U69,user_68,Bangalore,2026-01-01,,True
U70,user_69,Jaipur,2026-01-01,2026-04-15,False
U70,user_69,Delhi,2026-04-16,,True
U71,user_70,Jaipur,2026-01-01,,True
U72,user_71,Mumbai,2026-01-01,,True
U73,user_72,Mumbai,2026-01-01,,True
U74,user_73,Bangalore,2026-01-01,,True
U75,user_74,Mumbai,2026-01-01,2026-04-15,False
U75,user_74,Delhi,2026-04-16,,True
U76,user_75,Bangalore,2026-01-01,,True
U77,user_76,Mumbai,2026-01-01,2026-04-15,False
U77,user_76,Delhi,2026-04-16,,True
U78,user_77,Jaipur,2026-01-01,,True
U79,user_78,Delhi,2026-01-01,,True
U80,user_79,Jaipur,2026-01-01,2026-04-15,False
U80,user_79,Bangalore,2026-04-16,,True
U81,user_80,Bangalore,2026-01-01,,True
U82,user_81,Mumbai,2026-01-01,,True
U83,user_82,Bangalore,2026-01-01,,True
U84,user_83,Mumbai,2026-01-01,,True
U85,user_84,Mumbai,2026-01-01,2026-04-15,False
U85,user_84,Jaipur,2026-04-16,,True
U86,user_85,Delhi,2026-01-01,,True
U87,user_86,Mumbai,2026-01-01,,True
U88,user_87,Delhi,2026-01-01,,True
U89,user_88,Mumbai,2026-01-01,,True
U90,user_89,Bangalore,2026-01-01,2026-04-15,False
U90,user_89,Jaipur,2026-04-16,,True
U91,user_90,Bangalore,2026-01-01,,True
U92,user_91,Jaipur,2026-01-01,,True
U93,user_92,Delhi,2026-01-01,,True
U94,user_93,Jaipur,2026-01-01,2026-04-15,False
U94,user_93,Mumbai,2026-04-16,,True
U95,user_94,Mumbai,2026-01-01,,True
U96,user_95,Mumbai,2026-01-01,,True
U97,user_96,Delhi,2026-01-01,,True
U98,user_97,Delhi,2026-01-01,,True
U99,user_98,Delhi,2026-01-01,2026-04-15,False
U99,user_98,Jaipur,2026-04-16,,True
U100,user_99,Bangalore,2026-01-01,,True
U101,user_100,Jaipur,2026-01-01,,True
U102,user_101,Bangalore,2026-01-01,,True
U103,user_102,Delhi,2026-01-01,,True
U104,user_103,Bangalore,2026-01-01,,True
U105,user_104,Delhi,2026-01-01,,True
U106,user_105,Delhi,2026-01-01,,True
U107,user_106,Jaipur,2026-01-01,,True
U108,user_107,Jaipur,2026-01-01,,True
U109,user_108,Delhi,2026-01-01,,True
U110,user_109,Bangalore,2026-01-01,,True
U111,user_110,Delhi,2026-01-01,,True
U112,user_111,Jaipur,2026-01-01,,True
U113,user_112,Delhi,2026-01-01,,True
U114,user_113,Delhi,2026-01-01,,True
U115,user_114,Delhi,2026-01-01,,True
U116,user_115,Bangalore,2026-01-01,2026-04-15,False
U116,user_115,Jaipur,2026-04-16,,True
U117,user_116,Delhi,2026-01-01,,True
U118,user_117,Jaipur,2026-01-01,2026-04-15,False
U118,user_117,Delhi,2026-04-16,,True
U119,user_118,Jaipur,2026-01-01,,True
U120,user_119,Mumbai,2026-01-01,,True
U121,user_120,Delhi,2026-01-01,,True
U122,user_121,Jaipur,2026-01-01,2026-04-15,False
U122,user_121,Delhi,2026-04-16,,True
U123,user_122,Jaipur,2026-01-01,,True
U124,user_123,Mumbai,2026-01-01,,True
U125,user_124,Jaipur,2026-01-01,,True
U126,user_125,Delhi,2026-01-01,,True
U127,user_126,Delhi,2026-01-01,,True
U128,user_127,Bangalore,2026-01-01,2026-04-15,False
U128,user_127,Jaipur,2026-04-16,,True
U129,user_128,Mumbai,2026-01-01,,True
U130,user_129,Jaipur,2026-01-01,,True
U131,user_130,Delhi,2026-01-01,,True
U132,user_131,Bangalore,2026-01-01,,True
U133,user_132,Jaipur,2026-01-01,2026-04-15,False
U133,user_132,Mumbai,2026-04-16,,True
U134,user_133,Bangalore,2026-01-01,,True
U135,user_134,Mumbai,2026-01-01,2026-04-15,False
U135,user_134,Delhi,2026-04-16,,True
U136,user_135,Jaipur,2026-01-01,,True
U137,user_136,Delhi,2026-01-01,,True
U138,user_137,Mumbai,2026-01-01,,True
U139,user_138,Mumbai,2026-01-01,,True
U140,user_139,Jaipur,2026-01-01,,True
U141,user_140,Bangalore,2026-01-01,2026-04-15,False
U141,user_140,Mumbai,2026-04-16,,True
U142,user_141,Bangalore,2026-01-01,,True
U143,user_142,Jaipur,2026-01-01,,True
U144,user_143,Bangalore,2026-01-01,,True
U145,user_144,Delhi,2026-01-01,,True
U146,user_145,Jaipur,2026-01-01,,True
U147,user_146,Jaipur,2026-01-01,,True
U148,user_147,Jaipur,2026-01-01,,True
U149,user_148,Delhi,2026-01-01,,True
U150,user_149,Jaipur,2026-01-01,,True
U151,user_150,Bangalore,2026-01-01,2026-04-15,False
U151,user_150,Delhi,2026-04-16,,True
U152,user_151,Mumbai,2026-01-01,,True
U153,user_152,Delhi,2026-01-01,,True
U154,user_153,Mumbai,2026-01-01,,True
U155,user_154,Mumbai,2026-01-01,2026-04-15,False
U155,user_154,Delhi,2026-04-16,,True
U156,user_155,Delhi,2026-01-01,,True
U157,user_156,Jaipur,2026-01-01,2026-04-15,False
U157,user_156,Delhi,2026-04-16,,True
U158,user_157,Jaipur,2026-01-01,2026-04-15,False
U158,user_157,Bangalore,2026-04-16,,True
U159,user_158,Mumbai,2026-01-01,2026-04-15,False
U159,user_158,Delhi,2026-04-16,,True
U160,user_159,Mumbai,2026-01-01,,True
U161,user_160,Bangalore,2026-01-01,,True
U162,user_161,Delhi,2026-01-01,,True
U163,user_162,Mumbai,2026-01-01,,True
U164,user_163,Jaipur,2026-01-01,,True
U165,user_164,Jaipur,2026-01-01,,True
U166,user_165,Jaipur,2026-01-01,,True
U167,user_166,Mumbai,2026-01-01,,True
U168,user_167,Bangalore,2026-01-01,,True
U169,user_168,Mumbai,2026-01-01,2026-04-15,False
U169,user_168,Jaipur,2026-04-16,,True
U170,user_169,Mumbai,2026-01-01,2026-04-15,False
U170,user_169,Delhi,2026-04-16,,True
U171,user_170,Delhi,2026-01-01,,True
U172,user_171,Delhi,2026-01-01,,True
U173,user_172,Delhi,2026-01-01,,True
U174,user_173,Jaipur,2026-01-01,,True
U175,user_174,Mumbai,2026-01-01,,True
U176,user_175,Mumbai,2026-01-01,,True
U177,user_176,Bangalore,2026-01-01,,True
U178,user_177,Jaipur,2026-01-01,,True
U179,user_178,Delhi,2026-01-01,,True
U180,user_179,Delhi,2026-01-01,2026-04-15,False
U180,user_179,Bangalore,2026-04-16,,True
U181,user_180,Mumbai,2026-01-01,,True
U182,user_181,Mumbai,2026-01-01,,True
U183,user_182,Delhi,2026-01-01,2026-04-15,False
U183,user_182,Jaipur,2026-04-16,,True
U184,user_183,Delhi,2026-01-01,2026-04-15,False
U184,user_183,Bangalore,2026-04-16,,True
U185,user_184,Bangalore,2026-01-01,2026-04-15,False
U185,user_184,Jaipur,2026-04-16,,True
U186,user_185,Jaipur,2026-01-01,,True
U187,user_186,Delhi,2026-01-01,,True
U188,user_187,Jaipur,2026-01-01,,True
U189,user_188,Mumbai,2026-01-01,,True
U190,user_189,Mumbai,2026-01-01,,True
U191,user_190,Jaipur,2026-01-01,,True
U192,user_191,Delhi,2026-01-01,,True
U193,user_192,Delhi,2026-01-01,,True
U194,user_193,Jaipur,2026-01-01,,True
U195,user_194,Bangalore,2026-01-01,,True
U196,user_195,Bangalore,2026-01-01,,True
U197,user_196,Delhi,2026-01-01,,True
U198,user_197,Mumbai,2026-01-01,,True
U199,user_198,Mumbai,2026-01-01,,True
U200,user_199,Jaipur,2026-01-01,,True
U201,user_200,Mumbai,2026-01-01,,True
U202,user_201,Bangalore,2026-01-01,2026-04-15,False
U202,user_201,Mumbai,2026-04-16,,True
U203,user_202,Bangalore,2026-01-01,,True
U204,user_203,Mumbai,2026-01-01,2026-04-15,False
U204,user_203,Jaipur,2026-04-16,,True
U205,user_204,Jaipur,2026-01-01,,True
U206,user_205,Bangalore,2026-01-01,2026-04-15,False
U206,user_205,Jaipur,2026-04-16,,True
U207,user_206,Mumbai,2026-01-01,,True
U208,user_207,Bangalore,2026-01-01,2026-04-15,False
U208,user_207,Jaipur,2026-04-16,,True
U209,user_208,Delhi,2026-01-01,2026-04-15,False
U209,user_208,Bangalore,2026-04-16,,True
U210,user_209,Bangalore,2026-01-01,,True
U211,user_210,Mumbai,2026-01-01,,True
U212,user_211,Bangalore,2026-01-01,,True
U213,user_212,Bangalore,2026-01-01,,True
U214,user_213,Jaipur,2026-01-01,,True
U215,user_214,Jaipur,2026-01-01,2026-04-15,False
U215,user_214,Bangalore,2026-04-16,,True
U216,user_215,Bangalore,2026-01-01,,True
U217,user_216,Bangalore,2026-01-01,,True
U218,user_217,Bangalore,2026-01-01,,True
U219,user_218,Jaipur,2026-01-01,,True
U220,user_219,Bangalore,2026-01-01,,True
U221,user_220,Bangalore,2026-01-01,,True
U222,user_221,Jaipur,2026-01-01,,True
U223,user_222,Delhi,2026-01-01,,True
U224,user_223,Bangalore,2026-01-01,2026-04-15,False
U224,user_223,Jaipur,2026-04-16,,True
U225,user_224,Delhi,2026-01-01,,True
U226,user_225,Bangalore,2026-01-01,2026-04-15,False
U226,user_225,Mumbai,2026-04-16,,True
U227,user_226,Bangalore,2026-01-01,,True
U228,user_227,Jaipur,2026-01-01,2026-04-15,False
U228,user_227,Mumbai,2026-04-16,,True
U229,user_228,Jaipur,2026-01-01,,True
U230,user_229,Mumbai,2026-01-01,,True
U231,user_230,Bangalore,2026-01-01,,True
U232,user_231,Mumbai,2026-01-01,,True
U233,user_232,Mumbai,2026-01-01,,True
U234,user_233,Jaipur,2026-01-01,,True
U235,user_234,Bangalore,2026-01-01,,True
U236,user_235,Jaipur,2026-01-01,,True
U237,user_236,Bangalore,2026-01-01,,True
U238,user_237,Bangalore,2026-01-01,2026-04-15,False
U238,user_237,Delhi,2026-04-16,,True
U239,user_238,Delhi,2026-01-01,,True
U240,user_239,Jaipur,2026-01-01,,True
U241,user_240,Mumbai,2026-01-01,,True
U242,user_241,Bangalore,2026-01-01,2026-04-15,False
U242,user_241,Mumbai,2026-04-16,,True
U243,user_242,Jaipur,2026-01-01,,True
U244,user_243,Mumbai,2026-01-01,2026-04-15,False
U244,user_243,Jaipur,2026-04-16,,True
U245,user_244,Delhi,2026-01-01,2026-04-15,False
U245,user_244,Bangalore,2026-04-16,,True
U246,user_245,Mumbai,2026-01-01,,True
U247,user_246,Mumbai,2026-01-01,,True
U248,user_247,Delhi,2026-01-01,,True
U249,user_248,Delhi,2026-01-01,,True
U250,user_249,Bangalore,2026-01-01,2026-04-15,False
U250,user_249,Jaipur,2026-04-16,,True
U251,user_250,Jaipur,2026-01-01,,True
U252,user_251,Jaipur,2026-01-01,,True
U253,user_252,Mumbai,2026-01-01,,True
U254,user_253,Bangalore,2026-01-01,,True
U255,user_254,Jaipur,2026-01-01,,True
U256,user_255,Bangalore,2026-01-01,,True
U257,user_256,Bangalore,2026-01-01,,True
U258,user_257,Jaipur,2026-01-01,,True
U259,user_258,Jaipur,2026-01-01,,True
U260,user_259,Delhi,2026-01-01,,True
U261,user_260,Jaipur,2026-01-01,,True
U262,user_261,Mumbai,2026-01-01,,True
U263,user_262,Delhi,2026-01-01,,True
U264,user_263,Mumbai,2026-01-01,,True
U265,user_264,Jaipur,2026-01-01,,True
U266,user_265,Mumbai,2026-01-01,2026-04-15,False
U266,user_265,Bangalore,2026-04-16,,True
U267,user_266,Mumbai,2026-01-01,,True
U268,user_267,Jaipur,2026-01-01,,True
U269,user_268,Bangalore,2026-01-01,,True
U270,user_269,Jaipur,2026-01-01,,True
U271,user_270,Jaipur,2026-01-01,,True
U272,user_271,Jaipur,2026-01-01,,True
U273,user_272,Delhi,2026-01-01,,True
U274,user_273,Mumbai,2026-01-01,2026-04-15,False
U274,user_273,Jaipur,2026-04-16,,True
U275,user_274,Mumbai,2026-01-01,,True
U276,user_275,Mumbai,2026-01-01,,True
U277,user_276,Delhi,2026-01-01,2026-04-15,False
U277,user_276,Bangalore,2026-04-16,,True
U278,user_277,Mumbai,2026-01-01,,True
U279,user_278,Delhi,2026-01-01,,True
U280,user_279,Jaipur,2026-01-01,,True
U281,user_280,Mumbai,2026-01-01,2026-04-15,False
U281,user_280,Jaipur,2026-04-16,,True
U282,user_281,Jaipur,2026-01-01,,True
U283,user_282,Mumbai,2026-01-01,,True
U284,user_283,Mumbai,2026-01-01,,True
U285,user_284,Mumbai,2026-01-01,2026-04-15,False
U285,user_284,Delhi,2026-04-16,,True
U286,user_285,Delhi,2026-01-01,2026-04-15,False
U286,user_285,Jaipur,2026-04-16,,True
U287,user_286,Mumbai,2026-01-01,,True
U288,user_287,Bangalore,2026-01-01,,True
U289,user_288,Mumbai,2026-01-01,2026-04-15,False
U289,user_288,Jaipur,2026-04-16,,True
U290,user_289,Delhi,2026-01-01,,True
U291,user_290,Mumbai,2026-01-01,,True
U292,user_291,Jaipur,2026-01-01,,True
U293,user_292,Mumbai,2026-01-01,,True
U294,user_293,Bangalore,2026-01-01,,True
U295,user_294,Bangalore,2026-01-01,,True
U296,user_295,Jaipur,2026-01-01,2026-04-15,False
U296,user_295,Bangalore,2026-04-16,,True
U297,user_296,Bangalore,2026-01-01,,True
U298,user_297,Jaipur,2026-01-01,,True
U299,user_298,Bangalore,2026-01-01,,True
U300,user_299,Jaipur,2026-01-01,,True
U301,user_300,Jaipur,2026-01-01,,True
U302,user_301,Delhi,2026-01-01,,True
U303,user_302,Jaipur,2026-01-01,,True
U304,user_303,Bangalore,2026-01-01,,True
U305,user_304,Bangalore,2026-01-01,,True
U306,user_305,Delhi,2026-01-01,,True
U307,user_306,Bangalore,2026-01-01,2026-04-15,False
U307,user_306,Jaipur,2026-04-16,,True
U308,user_307,Mumbai,2026-01-01,,True
U309,user_308,Bangalore,2026-01-01,2026-04-15,False
U309,user_308,Jaipur,2026-04-16,,True
U310,user_309,Bangalore,2026-01-01,,True
U311,user_310,Jaipur,2026-01-01,,True
U312,user_311,Bangalore,2026-01-01,,True
U313,user_312,Delhi,2026-01-01,,True
U314,user_313,Mumbai,2026-01-01,2026-04-15,False
U314,user_313,Delhi,2026-04-16,,True
U315,user_314,Bangalore,2026-01-01,2026-04-15,False
U315,user_314,Delhi,2026-04-16,,True
U316,user_315,Mumbai,2026-01-01,,True
U317,user_316,Delhi,2026-01-01,,True
U318,user_317,Bangalore,2026-01-01,,True
U319,user_318,Delhi,2026-01-01,2026-04-15,False
U319,user_318,Jaipur,2026-04-16,,True
U320,user_319,Delhi,2026-01-01,,True
U321,user_320,Bangalore,2026-01-01,,True
U322,user_321,Mumbai,2026-01-01,,True
U323,user_322,Mumbai,2026-01-01,,True
U324,user_323,Bangalore,2026-01-01,,True
U325,user_324,Delhi,2026-01-01,,True
U326,user_325,Jaipur,2026-01-01,,True
U327,user_326,Mumbai,2026-01-01,,True
U328,user_327,Delhi,2026-01-01,2026-04-15,False
U328,user_327,Jaipur,2026-04-16,,True
U329,user_328,Mumbai,2026-01-01,,True
U330,user_329,Delhi,2026-01-01,,True
U331,user_330,Jaipur,2026-01-01,2026-04-15,False
U331,user_330,Bangalore,2026-04-16,,True
U332,user_331,Jaipur,2026-01-01,2026-04-15,False
U332,user_331,Mumbai,2026-04-16,,True
U333,user_332,Delhi,2026-01-01,,True
U334,user_333,Delhi,2026-01-01,,True
U335,user_334,Delhi,2026-01-01,,True
U336,user_335,Delhi,2026-01-01,2026-04-15,False
U336,user_335,Mumbai,2026-04-16,,True
U337,user_336,Delhi,2026-01-01,2026-04-15,False
U337,user_336,Bangalore,2026-04-16,,True
U338,user_337,Delhi,2026-01-01,,True
U339,user_338,Mumbai,2026-01-01,,True
U340,user_339,Delhi,2026-01-01,,True
U341,user_340,Bangalore,2026-01-01,,True
U342,user_341,Bangalore,2026-01-01,,True
U343,user_342,Bangalore,2026-01-01,2026-04-15,False
U343,user_342,Mumbai,2026-04-16,,True
U344,user_343,Bangalore,2026-01-01,,True
U345,user_344,Mumbai,2026-01-01,,True
U346,user_345,Bangalore,2026-01-01,,True
U347,user_346,Mumbai,2026-01-01,2026-04-15,False
U347,user_346,Jaipur,2026-04-16,,True
U348,user_347,Mumbai,2026-01-01,2026-04-15,False
U348,user_347,Jaipur,2026-04-16,,True
U349,user_348,Jaipur,2026-01-01,2026-04-15,False
U349,user_348,Bangalore,2026-04-16,,True
U350,user_349,Bangalore,2026-01-01,,True
U351,user_350,Delhi,2026-01-01,,True
U352,user_351,Jaipur,2026-01-01,,True
U353,user_352,Delhi,2026-01-01,2026-04-15,False
U353,user_352,Bangalore,2026-04-16,,True
U354,user_353,Delhi,2026-01-01,,True
U355,user_354,Bangalore,2026-01-01,2026-04-15,False
U355,user_354,Delhi,2026-04-16,,True
U356,user_355,Bangalore,2026-01-01,,True
U357,user_356,Jaipur,2026-01-01,,True
U358,user_357,Mumbai,2026-01-01,,True
U359,user_358,Jaipur,2026-01-01,2026-04-15,False
U359,user_358,Bangalore,2026-04-16,,True
U360,user_359,Bangalore,2026-01-01,,True
U361,user_360,Bangalore,2026-01-01,,True
U362,user_361,Mumbai,2026-01-01,,True
U363,user_362,Bangalore,2026-01-01,,True
U364,user_363,Mumbai,2026-01-01,,True
U365,user_364,Mumbai,2026-01-01,,True
U366,user_365,Mumbai,2026-01-01,,True
U367,user_366,Delhi,2026-01-01,2026-04-15,False
U367,user_366,Mumbai,2026-04-16,,True
U368,user_367,Jaipur,2026-01-01,,True
U369,user_368,Bangalore,2026-01-01,,True
U370,user_369,Delhi,2026-01-01,,True
U371,user_370,Bangalore,2026-01-01,,True
U372,user_371,Jaipur,2026-01-01,,True
U373,user_372,Bangalore,2026-01-01,,True
U374,user_373,Jaipur,2026-01-01,,True
U375,user_374,Jaipur,2026-01-01,,True
U376,user_375,Mumbai,2026-01-01,,True
U377,user_376,Mumbai,2026-01-01,,True
U378,user_377,Delhi,2026-01-01,,True
U379,user_378,Delhi,2026-01-01,,True
U380,user_379,Mumbai,2026-01-01,,True
U381,user_380,Bangalore,2026-01-01,2026-04-15,False
U381,user_380,Delhi,2026-04-16,,True
U382,user_381,Mumbai,2026-01-01,,True
U383,user_382,Jaipur,2026-01-01,,True
U384,user_383,Jaipur,2026-01-01,,True
U385,user_384,Delhi,2026-01-01,2026-04-15,False
U385,user_384,Bangalore,2026-04-16,,True
U386,user_385,Bangalore,2026-01-01,,True
U387,user_386,Bangalore,2026-01-01,2026-04-15,False
U387,user_386,Delhi,2026-04-16,,True
U388,user_387,Delhi,2026-01-01,,True
U389,user_388,Bangalore,2026-01-01,,True
U390,user_389,Mumbai,2026-01-01,2026-04-15,False
U390,user_389,Jaipur,2026-04-16,,True
U391,user_390,Mumbai,2026-01-01,2026-04-15,False
U391,user_390,Jaipur,2026-04-16,,True
U392,user_391,Delhi,2026-01-01,,True
U393,user_392,Delhi,2026-01-01,2026-04-15,False
U393,user_392,Bangalore,2026-04-16,,True
U394,user_393,Jaipur,2026-01-01,,True
U395,user_394,Delhi,2026-01-01,2026-04-15,False
U395,user_394,Jaipur,2026-04-16,,True
U396,user_395,Delhi,2026-01-01,,True
U397,user_396,Mumbai,2026-01-01,,True
U398,user_397,Jaipur,2026-01-01,,True
U399,user_398,Bangalore,2026-01-01,,True
U400,user_399,Mumbai,2026-01-01,,True
U401,user_400,Jaipur,2026-01-01,,True
U402,user_401,Bangalore,2026-01-01,,True
U403,user_402,Jaipur,2026-01-01,2026-04-15,False
U403,user_402,Bangalore,2026-04-16,,True
U404,user_403,Mumbai,2026-01-01,2026-04-15,False
U404,user_403,Bangalore,2026-04-16,,True
U405,user_404,Mumbai,2026-01-01,,True
U406,user_405,Delhi,2026-01-01,,True
U407,user_406,Delhi,2026-01-01,2026-04-15,False
U407,user_406,Jaipur,2026-04-16,,True
U408,user_407,Bangalore,2026-01-01,,True
U409,user_408,Mumbai,2026-01-01,2026-04-15,False
U409,user_408,Bangalore,2026-04-16,,True
U410,user_409,Delhi,2026-01-01,,True
U411,user_410,Jaipur,2026-01-01,,True
U412,user_411,Bangalore,2026-01-01,,True
U413,user_412,Jaipur,2026-01-01,2026-04-15,False
U413,user_412,Bangalore,2026-04-16,,True
U414,user_413,Mumbai,2026-01-01,,True
U415,user_414,Bangalore,2026-01-01,,True
U416,user_415,Delhi,2026-01-01,2026-04-15,False
U416,user_415,Bangalore,2026-04-16,,True
U417,user_416,Delhi,2026-01-01,,True
U418,user_417,Delhi,2026-01-01,,True
U419,user_418,Jaipur,2026-01-01,,True
U420,user_419,Bangalore,2026-01-01,,True
U421,user_420,Bangalore,2026-01-01,,True
U422,user_421,Delhi,2026-01-01,,True
U423,user_422,Mumbai,2026-01-01,,True
U424,user_423,Delhi,2026-01-01,,True
U425,user_424,Delhi,2026-01-01,2026-04-15,False
U425,user_424,Mumbai,2026-04-16,,True
U426,user_425,Delhi,2026-01-01,,True
U427,user_426,Bangalore,2026-01-01,2026-04-15,False
U427,user_426,Jaipur,2026-04-16,,True
U428,user_427,Jaipur,2026-01-01,,True
U429,user_428,Bangalore,2026-01-01,2026-04-15,False
U429,user_428,Jaipur,2026-04-16,,True
U430,user_429,Bangalore,2026-01-01,,True
U431,user_430,Mumbai,2026-01-01,,True
U432,user_431,Bangalore,2026-01-01,2026-04-15,False
U432,user_431,Mumbai,2026-04-16,,True
U433,user_432,Delhi,2026-01-01,,True
U434,user_433,Delhi,2026-01-01,,True
U435,user_434,Bangalore,2026-01-01,,True
U436,user_435,Jaipur,2026-01-01,2026-04-15,False
U436,user_435,Mumbai,2026-04-16,,True
U437,user_436,Mumbai,2026-01-01,,True
U438,user_437,Mumbai,2026-01-01,,True
U439,user_438,Mumbai,2026-01-01,,True
U440,user_439,Delhi,2026-01-01,,True
U441,user_440,Jaipur,2026-01-01,,True
U442,user_441,Mumbai,2026-01-01,,True
U443,user_442,Bangalore,2026-01-01,2026-04-15,False
U443,user_442,Delhi,2026-04-16,,True
U444,user_443,Delhi,2026-01-01,2026-04-15,False
U444,user_443,Jaipur,2026-04-16,,True
U445,user_444,Bangalore,2026-01-01,,True
U446,user_445,Jaipur,2026-01-01,2026-04-15,False
U446,user_445,Delhi,2026-04-16,,True
U447,user_446,Jaipur,2026-01-01,,True
U448,user_447,Bangalore,2026-01-01,2026-04-15,False
U448,user_447,Mumbai,2026-04-16,,True
U449,user_448,Delhi,2026-01-01,,True
U450,user_449,Bangalore,2026-01-01,,True
U451,user_450,Delhi,2026-01-01,,True
U452,user_451,Bangalore,2026-01-01,,True
U453,user_452,Mumbai,2026-01-01,,True
U454,user_453,Mumbai,2026-01-01,,True
U455,user_454,Bangalore,2026-01-01,,True
U456,user_455,Jaipur,2026-01-01,,True
U457,user_456,Mumbai,2026-01-01,,True
U458,user_457,Bangalore,2026-01-01,,True
U459,user_458,Delhi,2026-01-01,,True
U460,user_459,Bangalore,2026-01-01,,True
U461,user_460,Bangalore,2026-01-01,,True
U462,user_461,Delhi,2026-01-01,2026-04-15,False
U462,user_461,Mumbai,2026-04-16,,True
U463,user_462,Bangalore,2026-01-01,,True
U464,user_463,Jaipur,2026-01-01,2026-04-15,False
U464,user_463,Bangalore,2026-04-16,,True
U465,user_464,Delhi,2026-01-01,,True
U466,user_465,Mumbai,2026-01-01,,True
U467,user_466,Delhi,2026-01-01,2026-04-15,False
U467,user_466,Bangalore,2026-04-16,,True
U468,user_467,Delhi,2026-01-01,,True
U469,user_468,Mumbai,2026-01-01,2026-04-15,False
U469,user_468,Delhi,2026-04-16,,True
U470,user_469,Bangalore,2026-01-01,,True
U471,user_470,Delhi,2026-01-01,2026-04-15,False
U471,user_470,Mumbai,2026-04-16,,True
U472,user_471,Bangalore,2026-01-01,2026-04-15,False
U472,user_471,Mumbai,2026-04-16,,True
U473,user_472,Delhi,2026-01-01,,True
U474,user_473,Mumbai,2026-01-01,,True
U475,user_474,Mumbai,2026-01-01,,True
U476,user_475,Jaipur,2026-01-01,,True
U477,user_476,Jaipur,2026-01-01,,True
U478,user_477,Jaipur,2026-01-01,,True
U479,user_478,Mumbai,2026-01-01,,True
U480,user_479,Mumbai,2026-01-01,,True
U481,user_480,Mumbai,2026-01-01,,True
U482,user_481,Jaipur,2026-01-01,,True
U483,user_482,Bangalore,2026-01-01,,True
U484,user_483,Delhi,2026-01-01,,True
U485,user_484,Delhi,2026-01-01,,True
U486,user_485,Bangalore,2026-01-01,,True
U487,user_486,Mumbai,2026-01-01,,True
U488,user_487,Delhi,2026-01-01,,True
U489,user_488,Delhi,2026-01-01,,True
U490,user_489,Bangalore,2026-01-01,,True
U491,user_490,Jaipur,2026-01-01,,True
U492,user_491,Delhi,2026-01-01,,True
U493,user_492,Bangalore,2026-01-01,,True
U494,user_493,Jaipur,2026-01-01,2026-04-15,False
U494,user_493,Delhi,2026-04-16,,True
U495,user_494,Bangalore,2026-01-01,,True
U496,user_495,Mumbai,2026-01-01,,True
U497,user_496,Mumbai,2026-01-01,,True
U498,user_497,Mumbai,2026-01-01,,True
U499,user_498,Delhi,2026-01-01,,True
U500,user_499,Jaipur,2026-01-01,,True
U501,user_500,Jaipur,2026-01-01,,True
U502,user_501,Mumbai,2026-01-01,2026-04-15,False
U502,user_501,Jaipur,2026-04-16,,True
U503,user_502,Bangalore,2026-01-01,,True
U504,user_503,Bangalore,2026-01-01,,True
U505,user_504,Mumbai,2026-01-01,2026-04-15,False
U505,user_504,Bangalore,2026-04-16,,True
U506,user_505,Delhi,2026-01-01,,True
U507,user_506,Mumbai,2026-01-01,2026-04-15,False
U507,user_506,Bangalore,2026-04-16,,True
U508,user_507,Mumbai,2026-01-01,,True
U509,user_508,Mumbai,2026-01-01,,True
U510,user_509,Delhi,2026-01-01,2026-04-15,False
U510,user_509,Bangalore,2026-04-16,,True
U511,user_510,Jaipur,2026-01-01,2026-04-15,False
U511,user_510,Bangalore,2026-04-16,,True
U512,user_511,Bangalore,2026-01-01,,True
U513,user_512,Mumbai,2026-01-01,,True
U514,user_513,Mumbai,2026-01-01,,True
U515,user_514,Delhi,2026-01-01,,True
U516,user_515,Mumbai,2026-01-01,,True
U517,user_516,Bangalore,2026-01-01,2026-04-15,False
U517,user_516,Delhi,2026-04-16,,True
U518,user_517,Mumbai,2026-01-01,,True
U519,user_518,Jaipur,2026-01-01,,True
U520,user_519,Mumbai,2026-01-01,,True
U521,user_520,Bangalore,2026-01-01,,True
U522,user_521,Bangalore,2026-01-01,2026-04-15,False
U522,user_521,Delhi,2026-04-16,,True
U523,user_522,Mumbai,2026-01-01,,True
U524,user_523,Delhi,2026-01-01,,True
U525,user_524,Mumbai,2026-01-01,2026-04-15,False
U525,user_524,Bangalore,2026-04-16,,True
U526,user_525,Jaipur,2026-01-01,,True
U527,user_526,Bangalore,2026-01-01,2026-04-15,False
U527,user_526,Jaipur,2026-04-16,,True
U528,user_527,Bangalore,2026-01-01,,True
U529,user_528,Mumbai,2026-01-01,,True
U530,user_529,Delhi,2026-01-01,,True
U531,user_530,Bangalore,2026-01-01,,True
U532,user_531,Mumbai,2026-01-01,,True
U533,user_532,Mumbai,2026-01-01,,True
U534,user_533,Delhi,2026-01-01,,True
U535,user_534,Mumbai,2026-01-01,,True
U536,user_535,Bangalore,2026-01-01,,True
U537,user_536,Jaipur,2026-01-01,,True
U538,user_537,Mumbai,2026-01-01,,True
U539,user_538,Bangalore,2026-01-01,,True
U540,user_539,Bangalore,2026-01-01,,True
U541,user_540,Mumbai,2026-01-01,2026-04-15,False
U541,user_540,Bangalore,2026-04-16,,True
U542,user_541,Delhi,2026-01-01,2026-04-15,False
U542,user_541,Jaipur,2026-04-16,,True
U543,user_542,Bangalore,2026-01-01,,True
U544,user_543,Mumbai,2026-01-01,,True
U545,user_544,Bangalore,2026-01-01,2026-04-15,False
U545,user_544,Jaipur,2026-04-16,,True
U546,user_545,Bangalore,2026-01-01,,True
U547,user_546,Jaipur,2026-01-01,,True
U548,user_547,Jaipur,2026-01-01,,True
U549,user_548,Mumbai,2026-01-01,2026-04-15,False
U549,user_548,Jaipur,2026-04-16,,True
U550,user_549,Mumbai,2026-01-01,2026-04-15,False
U550,user_549,Jaipur,2026-04-16,,True
U551,user_550,Bangalore,2026-01-01,2026-04-15,False
U551,user_550,Mumbai,2026-04-16,,True
U552,user_551,Delhi,2026-01-01,,True
U553,user_552,Delhi,2026-01-01,,True
U554,user_553,Jaipur,2026-01-01,,True
U555,user_554,Mumbai,2026-01-01,,True
U556,user_555,Bangalore,2026-01-01,,True
U557,user_556,Bangalore,2026-01-01,,True
U558,user_557,Mumbai,2026-01-01,2026-04-15,False
U558,user_557,Jaipur,2026-04-16,,True
U559,user_558,Bangalore,2026-01-01,,True
U560,user_559,Jaipur,2026-01-01,,True
U561,user_560,Jaipur,2026-01-01,2026-04-15,False
U561,user_560,Delhi,2026-04-16,,True
U562,user_561,Delhi,2026-01-01,,True
U563,user_562,Bangalore,2026-01-01,,True
U564,user_563,Jaipur,2026-01-01,,True
U565,user_564,Jaipur,2026-01-01,,True
U566,user_565,Mumbai,2026-01-01,,True
U567,user_566,Bangalore,2026-01-01,2026-04-15,False
U567,user_566,Jaipur,2026-04-16,,True
U568,user_567,Delhi,2026-01-01,2026-04-15,False
U568,user_567,Bangalore,2026-04-16,,True
U569,user_568,Delhi,2026-01-01,2026-04-15,False
U569,user_568,Mumbai,2026-04-16,,True
U570,user_569,Bangalore,2026-01-01,,True
U571,user_570,Delhi,2026-01-01,,True
U572,user_571,Mumbai,2026-01-01,,True
U573,user_572,Delhi,2026-01-01,2026-04-15,False
U573,user_572,Jaipur,2026-04-16,,True
U574,user_573,Delhi,2026-01-01,,True
U575,user_574,Bangalore,2026-01-01,2026-04-15,False
U575,user_574,Mumbai,2026-04-16,,True
U576,user_575,Mumbai,2026-01-01,2026-04-15,False
U576,user_575,Delhi,2026-04-16,,True
U577,user_576,Mumbai,2026-01-01,,True
U578,user_577,Delhi,2026-01-01,,True
U579,user_578,Bangalore,2026-01-01,,True
U580,user_579,Jaipur,2026-01-01,,True
U581,user_580,Delhi,2026-01-01,,True
U582,user_581,Mumbai,2026-01-01,,True
U583,user_582,Jaipur,2026-01-01,,True
U584,user_583,Mumbai,2026-01-01,,True
U585,user_584,Delhi,2026-01-01,,True
U586,user_585,Mumbai,2026-01-01,,True
U587,user_586,Mumbai,2026-01-01,2026-04-15,False
U587,user_586,Delhi,2026-04-16,,True
U588,user_587,Bangalore,2026-01-01,,True
U589,user_588,Mumbai,2026-01-01,,True
U590,user_589,Bangalore,2026-01-01,2026-04-15,False
U590,user_589,Jaipur,2026-04-16,,True
U591,user_590,Bangalore,2026-01-01,,True
U592,user_591,Delhi,2026-01-01,,True
U593,user_592,Mumbai,2026-01-01,,True
U594,user_593,Jaipur,2026-01-01,,True
U595,user_594,Delhi,2026-01-01,2026-04-15,False
U595,user_594,Bangalore,2026-04-16,,True
U596,user_595,Mumbai,2026-01-01,,True
U597,user_596,Jaipur,2026-01-01,2026-04-15,False
U597,user_596,Bangalore,2026-04-16,,True
U598,user_597,Mumbai,2026-01-01,2026-04-15,False
U598,user_597,Delhi,2026-04-16,,True
U599,user_598,Bangalore,2026-01-01,,True
U600,user_599,Jaipur,2026-01-01,,True
U601,user_600,Delhi,2026-01-01,2026-04-15,False
U601,user_600,Bangalore,2026-04-16,,True
U602,user_601,Jaipur,2026-01-01,2026-04-15,False
U602,user_601,Delhi,2026-04-16,,True
U603,user_602,Bangalore,2026-01-01,,True
U604,user_603,Mumbai,2026-01-01,,True
U605,user_604,Mumbai,2026-01-01,2026-04-15,False
U605,user_604,Delhi,2026-04-16,,True
U606,user_605,Jaipur,2026-01-01,,True
U607,user_606,Mumbai,2026-01-01,,True
U608,user_607,Jaipur,2026-01-01,,True
U609,user_608,Delhi,2026-01-01,,True
U610,user_609,Delhi,2026-01-01,,True
U611,user_610,Delhi,2026-01-01,2026-04-15,False
U611,user_610,Jaipur,2026-04-16,,True
U612,user_611,Jaipur,2026-01-01,,True
U613,user_612,Jaipur,2026-01-01,,True
U614,user_613,Mumbai,2026-01-01,,True
U615,user_614,Mumbai,2026-01-01,,True
U616,user_615,Bangalore,2026-01-01,,True
U617,user_616,Bangalore,2026-01-01,,True
U618,user_617,Delhi,2026-01-01,,True
U619,user_618,Delhi,2026-01-01,,True
U620,user_619,Bangalore,2026-01-01,,True
U621,user_620,Mumbai,2026-01-01,2026-04-15,False
U621,user_620,Jaipur,2026-04-16,,True
U622,user_621,Mumbai,2026-01-01,,True
U623,user_622,Bangalore,2026-01-01,,True
U624,user_623,Mumbai,2026-01-01,,True
U625,user_624,Mumbai,2026-01-01,,True
U626,user_625,Mumbai,2026-01-01,,True
U627,user_626,Delhi,2026-01-01,,True
U628,user_627,Delhi,2026-01-01,,True
U629,user_628,Bangalore,2026-01-01,,True
U630,user_629,Bangalore,2026-01-01,,True
U631,user_630,Jaipur,2026-01-01,,True
U632,user_631,Mumbai,2026-01-01,,True
U633,user_632,Jaipur,2026-01-01,,True
U634,user_633,Delhi,2026-01-01,,True
U635,user_634,Jaipur,2026-01-01,,True
U636,user_635,Delhi,2026-01-01,,True
U637,user_636,Jaipur,2026-01-01,,True
U638,user_637,Delhi,2026-01-01,,True
U639,user_638,Jaipur,2026-01-01,2026-04-15,False
U639,user_638,Mumbai,2026-04-16,,True
U640,user_639,Jaipur,2026-01-01,,True
U641,user_640,Bangalore,2026-01-01,,True
U642,user_641,Jaipur,2026-01-01,,True
U643,user_642,Mumbai,2026-01-01,,True
U644,user_643,Jaipur,2026-01-01,,True
U645,user_644,Delhi,2026-01-01,,True
U646,user_645,Jaipur,2026-01-01,,True
U647,user_646,Mumbai,2026-01-01,2026-04-15,False
U647,user_646,Delhi,2026-04-16,,True
U648,user_647,Jaipur,2026-01-01,,True
U649,user_648,Delhi,2026-01-01,,True
U650,user_649,Mumbai,2026-01-01,,True
U651,user_650,Mumbai,2026-01-01,,True
U652,user_651,Mumbai,2026-01-01,,True
U653,user_652,Bangalore,2026-01-01,2026-04-15,False
U653,user_652,Mumbai,2026-04-16,,True
U654,user_653,Mumbai,2026-01-01,,True
U655,user_654,Delhi,2026-01-01,,True
U656,user_655,Delhi,2026-01-01,,True
U657,user_656,Bangalore,2026-01-01,,True
U658,user_657,Delhi,2026-01-01,2026-04-15,False
U658,user_657,Bangalore,2026-04-16,,True
U659,user_658,Delhi,2026-01-01,,True
U660,user_659,Delhi,2026-01-01,,True
U661,user_660,Bangalore,2026-01-01,2026-04-15,False
U661,user_660,Mumbai,2026-04-16,,True
U662,user_661,Mumbai,2026-01-01,2026-04-15,False
U662,user_661,Delhi,2026-04-16,,True
U663,user_662,Jaipur,2026-01-01,,True
U664,user_663,Mumbai,2026-01-01,,True
U665,user_664,Mumbai,2026-01-01,,True
U666,user_665,Jaipur,2026-01-01,,True
U667,user_666,Bangalore,2026-01-01,2026-04-15,False
U667,user_666,Jaipur,2026-04-16,,True
U668,user_667,Bangalore,2026-01-01,,True
U669,user_668,Delhi,2026-01-01,,True
U670,user_669,Bangalore,2026-01-01,,True
U671,user_670,Jaipur,2026-01-01,2026-04-15,False
U671,user_670,Mumbai,2026-04-16,,True
U672,user_671,Delhi,2026-01-01,,True
U673,user_672,Bangalore,2026-01-01,2026-04-15,False
U673,user_672,Mumbai,2026-04-16,,True
U674,user_673,Bangalore,2026-01-01,2026-04-15,False
U674,user_673,Mumbai,2026-04-16,,True
U675,user_674,Bangalore,2026-01-01,,True
U676,user_675,Jaipur,2026-01-01,2026-04-15,False
U676,user_675,Delhi,2026-04-16,,True
U677,user_676,Jaipur,2026-01-01,2026-04-15,False
U677,user_676,Bangalore,2026-04-16,,True
U678,user_677,Mumbai,2026-01-01,,True
U679,user_678,Bangalore,2026-01-01,2026-04-15,False
U679,user_678,Delhi,2026-04-16,,True
U680,user_679,Bangalore,2026-01-01,,True
U681,user_680,Jaipur,2026-01-01,,True
U682,user_681,Delhi,2026-01-01,,True
U683,user_682,Jaipur,2026-01-01,,True
U684,user_683,Bangalore,2026-01-01,2026-04-15,False
U684,user_683,Jaipur,2026-04-16,,True
U685,user_684,Mumbai,2026-01-01,2026-04-15,False
U685,user_684,Jaipur,2026-04-16,,True
U686,user_685,Mumbai,2026-01-01,,True
U687,user_686,Bangalore,2026-01-01,,True
U688,user_687,Mumbai,2026-01-01,2026-04-15,False
U688,user_687,Bangalore,2026-04-16,,True
U689,user_688,Bangalore,2026-01-01,,True
U690,user_689,Mumbai,2026-01-01,,True
U691,user_690,Bangalore,2026-01-01,,True
U692,user_691,Bangalore,2026-01-01,2026-04-15,False
U692,user_691,Delhi,2026-04-16,,True
U693,user_692,Delhi,2026-01-01,2026-04-15,False
U693,user_692,Mumbai,2026-04-16,,True
U694,user_693,Bangalore,2026-01-01,2026-04-15,False
U694,user_693,Mumbai,2026-04-16,,True
U695,user_694,Jaipur,2026-01-01,,True
U696,user_695,Delhi,2026-01-01,2026-04-15,False
U696,user_695,Mumbai,2026-04-16,,True
U697,user_696,Bangalore,2026-01-01,,True
U698,user_697,Mumbai,2026-01-01,,True
U699,user_698,Jaipur,2026-01-01,,True
U700,user_699,Jaipur,2026-01-01,,True
U701,user_700,Bangalore,2026-01-01,,True
U702,user_701,Bangalore,2026-01-01,2026-04-15,False
U702,user_701,Jaipur,2026-04-16,,True
U703,user_702,Bangalore,2026-01-01,2026-04-15,False
U703,user_702,Mumbai,2026-04-16,,True
U704,user_703,Delhi,2026-01-01,,True
U705,user_704,Bangalore,2026-01-01,,True
U706,user_705,Delhi,2026-01-01,,True
U707,user_706,Delhi,2026-01-01,,True
U708,user_707,Mumbai,2026-01-01,,True
U709,user_708,Delhi,2026-01-01,2026-04-15,False
U709,user_708,Jaipur,2026-04-16,,True
U710,user_709,Mumbai,2026-01-01,2026-04-15,False
U710,user_709,Bangalore,2026-04-16,,True
U711,user_710,Jaipur,2026-01-01,,True
U712,user_711,Mumbai,2026-01-01,,True
U713,user_712,Delhi,2026-01-01,,True
U714,user_713,Delhi,2026-01-01,,True
U715,user_714,Bangalore,2026-01-01,,True
U716,user_715,Jaipur,2026-01-01,2026-04-15,False
U716,user_715,Mumbai,2026-04-16,,True
U717,user_716,Mumbai,2026-01-01,,True
U718,user_717,Jaipur,2026-01-01,2026-04-15,False
U718,user_717,Delhi,2026-04-16,,True
U719,user_718,Mumbai,2026-01-01,,True
U720,user_719,Delhi,2026-01-01,,True
U721,user_720,Mumbai,2026-01-01,,True
U722,user_721,Delhi,2026-01-01,,True
U723,user_722,Delhi,2026-01-01,,True
U724,user_723,Jaipur,2026-01-01,,True
U725,user_724,Delhi,2026-01-01,,True
U726,user_725,Delhi,2026-01-01,,True
U727,user_726,Delhi,2026-01-01,,True
U728,user_727,Mumbai,2026-01-01,2026-04-15,False
U728,user_727,Jaipur,2026-04-16,,True
U729,user_728,Delhi,2026-01-01,2026-04-15,False
U729,user_728,Bangalore,2026-04-16,,True
U730,user_729,Mumbai,2026-01-01,,True
U731,user_730,Bangalore,2026-01-01,,True
U732,user_731,Mumbai,2026-01-01,,True
U733,user_732,Jaipur,2026-01-01,,True
U734,user_733,Mumbai,2026-01-01,,True
U735,user_734,Delhi,2026-01-01,,True
U736,user_735,Jaipur,2026-01-01,,True
U737,user_736,Mumbai,2026-01-01,,True
U738,user_737,Jaipur,2026-01-01,,True
U739,user_738,Mumbai,2026-01-01,,True
U740,user_739,Jaipur,2026-01-01,,True
U741,user_740,Delhi,2026-01-01,,True
U742,user_741,Mumbai,2026-01-01,,True
U743,user_742,Bangalore,2026-01-01,,True
U744,user_743,Jaipur,2026-01-01,,True
U745,user_744,Delhi,2026-01-01,,True
U746,user_745,Delhi,2026-01-01,,True
U747,user_746,Mumbai,2026-01-01,2026-04-15,False
U747,user_746,Delhi,2026-04-16,,True
U748,user_747,Bangalore,2026-01-01,,True
U749,user_748,Jaipur,2026-01-01,,True
U750,user_749,Mumbai,2026-01-01,,True
U751,user_750,Delhi,2026-01-01,2026-04-15,False
U751,user_750,Jaipur,2026-04-16,,True
U752,user_751,Jaipur,2026-01-01,,True
U753,user_752,Delhi,2026-01-01,2026-04-15,False
U753,user_752,Bangalore,2026-04-16,,True
U754,user_753,Bangalore,2026-01-01,,True
U755,user_754,Delhi,2026-01-01,,True
U756,user_755,Bangalore,2026-01-01,,True
U757,user_756,Bangalore,2026-01-01,2026-04-15,False
U757,user_756,Delhi,2026-04-16,,True
U758,user_757,Delhi,2026-01-01,,True
U759,user_758,Mumbai,2026-01-01,,True
U760,user_759,Jaipur,2026-01-01,,True
U761,user_760,Delhi,2026-01-01,,True
U762,user_761,Bangalore,2026-01-01,,True
U763,user_762,Jaipur,2026-01-01,,True
U764,user_763,Bangalore,2026-01-01,2026-04-15,False
U764,user_763,Mumbai,2026-04-16,,True
U765,user_764,Mumbai,2026-01-01,,True
U766,user_765,Jaipur,2026-01-01,2026-04-15,False
U766,user_765,Bangalore,2026-04-16,,True
U767,user_766,Mumbai,2026-01-01,,True
U768,user_767,Bangalore,2026-01-01,,True
U769,user_768,Mumbai,2026-01-01,2026-04-15,False
U769,user_768,Bangalore,2026-04-16,,True
U770,user_769,Mumbai,2026-01-01,,True
U771,user_770,Bangalore,2026-01-01,,True
U772,user_771,Bangalore,2026-01-01,,True
U773,user_772,Bangalore,2026-01-01,,True
U774,user_773,Delhi,2026-01-01,2026-04-15,False
U774,user_773,Jaipur,2026-04-16,,True
U775,user_774,Mumbai,2026-01-01,,True
U776,user_775,Jaipur,2026-01-01,,True
U777,user_776,Mumbai,2026-01-01,,True
U778,user_777,Mumbai,2026-01-01,2026-04-15,False
U778,user_777,Delhi,2026-04-16,,True
U779,user_778,Delhi,2026-01-01,,True
U780,user_779,Mumbai,2026-01-01,,True
U781,user_780,Jaipur,2026-01-01,2026-04-15,False
U781,user_780,Delhi,2026-04-16,,True
U782,user_781,Delhi,2026-01-01,,True
U783,user_782,Bangalore,2026-01-01,,True
U784,user_783,Delhi,2026-01-01,,True
U785,user_784,Bangalore,2026-01-01,,True
U786,user_785,Mumbai,2026-01-01,,True
U787,user_786,Delhi,2026-01-01,,True
U788,user_787,Jaipur,2026-01-01,,True
U789,user_788,Delhi,2026-01-01,,True
U790,user_789,Mumbai,2026-01-01,,True
U791,user_790,Jaipur,2026-01-01,,True
U792,user_791,Jaipur,2026-01-01,,True
U793,user_792,Bangalore,2026-01-01,,True
U794,user_793,Jaipur,2026-01-01,,True
U795,user_794,Mumbai,2026-01-01,,True
U796,user_795,Mumbai,2026-01-01,,True
U797,user_796,Jaipur,2026-01-01,,True
U798,user_797,Bangalore,2026-01-01,,True
U799,user_798,Mumbai,2026-01-01,,True
U800,user_799,Bangalore,2026-01-01,,True
U801,user_800,Jaipur,2026-01-01,,True
U802,user_801,Bangalore,2026-01-01,2026-04-15,False
U802,user_801,Jaipur,2026-04-16,,True
U803,user_802,Bangalore,2026-01-01,,True
U804,user_803,Bangalore,2026-01-01,,True
U805,user_804,Mumbai,2026-01-01,,True
U806,user_805,Jaipur,2026-01-01,,True
U807,user_806,Bangalore,2026-01-01,,True
U808,user_807,Bangalore,2026-01-01,,True
U809,user_808,Bangalore,2026-01-01,,True
U810,user_809,Jaipur,2026-01-01,,True
U811,user_810,Delhi,2026-01-01,,True
U812,user_811,Mumbai,2026-01-01,,True
U813,user_812,Bangalore,2026-01-01,,True
U814,user_813,Delhi,2026-01-01,,True
U815,user_814,Mumbai,2026-01-01,2026-04-15,False
U815,user_814,Jaipur,2026-04-16,,True
U816,user_815,Mumbai,2026-01-01,,True
U817,user_816,Delhi,2026-01-01,,True
U818,user_817,Jaipur,2026-01-01,2026-04-15,False
U818,user_817,Delhi,2026-04-16,,True
U819,user_818,Mumbai,2026-01-01,,True
U820,user_819,Bangalore,2026-01-01,2026-04-15,False
U820,user_819,Jaipur,2026-04-16,,True
U821,user_820,Mumbai,2026-01-01,,True
U822,user_821,Jaipur,2026-01-01,,True
U823,user_822,Jaipur,2026-01-01,2026-04-15,False
U823,user_822,Mumbai,2026-04-16,,True
U824,user_823,Mumbai,2026-01-01,,True
U825,user_824,Jaipur,2026-01-01,2026-04-15,False
U825,user_824,Mumbai,2026-04-16,,True
U826,user_825,Jaipur,2026-01-01,,True
U827,user_826,Mumbai,2026-01-01,,True
U828,user_827,Delhi,2026-01-01,2026-04-15,False
U828,user_827,Bangalore,2026-04-16,,True
U829,user_828,Delhi,2026-01-01,,True
U830,user_829,Delhi,2026-01-01,,True
U831,user_830,Jaipur,2026-01-01,,True
U832,user_831,Delhi,2026-01-01,,True
U833,user_832,Jaipur,2026-01-01,,True
U834,user_833,Delhi,2026-01-01,2026-04-15,False
U834,user_833,Jaipur,2026-04-16,,True
U835,user_834,Mumbai,2026-01-01,,True
U836,user_835,Mumbai,2026-01-01,,True
U837,user_836,Mumbai,2026-01-01,2026-04-15,False
U837,user_836,Delhi,2026-04-16,,True
U838,user_837,Jaipur,2026-01-01,,True
U839,user_838,Jaipur,2026-01-01,,True
U840,user_839,Jaipur,2026-01-01,2026-04-15,False
U840,user_839,Bangalore,2026-04-16,,True
U841,user_840,Delhi,2026-01-01,,True
U842,user_841,Bangalore,2026-01-01,,True
U843,user_842,Delhi,2026-01-01,,True
U844,user_843,Mumbai,2026-01-01,,True
U845,user_844,Mumbai,2026-01-01,2026-04-15,False
U845,user_844,Jaipur,2026-04-16,,True
U846,user_845,Mumbai,2026-01-01,,True
U847,user_846,Delhi,2026-01-01,2026-04-15,False
U847,user_846,Bangalore,2026-04-16,,True
U848,user_847,Jaipur,2026-01-01,,True
U849,user_848,Mumbai,2026-01-01,2026-04-15,False
U849,user_848,Delhi,2026-04-16,,True
U850,user_849,Mumbai,2026-01-01,,True
U851,user_850,Mumbai,2026-01-01,,True
U852,user_851,Bangalore,2026-01-01,,True
U853,user_852,Mumbai,2026-01-01,,True
U854,user_853,Delhi,2026-01-01,,True
U855,user_854,Mumbai,2026-01-01,,True
U856,user_855,Mumbai,2026-01-01,2026-04-15,False
U856,user_855,Delhi,2026-04-16,,True
U857,user_856,Delhi,2026-01-01,,True
U858,user_857,Bangalore,2026-01-01,,True
U859,user_858,Bangalore,2026-01-01,2026-04-15,False
U859,user_858,Jaipur,2026-04-16,,True
U860,user_859,Delhi,2026-01-01,,True
U861,user_860,Delhi,2026-01-01,2026-04-15,False
U861,user_860,Bangalore,2026-04-16,,True
U862,user_861,Jaipur,2026-01-01,,True
U863,user_862,Jaipur,2026-01-01,,True
U864,user_863,Jaipur,2026-01-01,2026-04-15,False
U864,user_863,Delhi,2026-04-16,,True
U865,user_864,Mumbai,2026-01-01,,True
U866,user_865,Delhi,2026-01-01,,True
U867,user_866,Bangalore,2026-01-01,,True
U868,user_867,Jaipur,2026-01-01,,True
U869,user_868,Delhi,2026-01-01,,True
U870,user_869,Bangalore,2026-01-01,,True
U871,user_870,Jaipur,2026-01-01,,True
U872,user_871,Jaipur,2026-01-01,,True
U873,user_872,Jaipur,2026-01-01,2026-04-15,False
U873,user_872,Delhi,2026-04-16,,True
U874,user_873,Bangalore,2026-01-01,,True
U875,user_874,Jaipur,2026-01-01,,True
U876,user_875,Delhi,2026-01-01,,True
U877,user_876,Mumbai,2026-01-01,,True
U878,user_877,Delhi,2026-01-01,,True
U879,user_878,Delhi,2026-01-01,,True
U880,user_879,Delhi,2026-01-01,,True
U881,user_880,Bangalore,2026-01-01,,True
U882,user_881,Mumbai,2026-01-01,,True
U883,user_882,Bangalore,2026-01-01,,True
U884,user_883,Delhi,2026-01-01,,True
U885,user_884,Bangalore,2026-01-01,2026-04-15,False
U885,user_884,Jaipur,2026-04-16,,True
U886,user_885,Bangalore,2026-01-01,2026-04-15,False
U886,user_885,Jaipur,2026-04-16,,True
U887,user_886,Jaipur,2026-01-01,,True
U888,user_887,Delhi,2026-01-01,,True
U889,user_888,Jaipur,2026-01-01,,True
U890,user_889,Bangalore,2026-01-01,,True
U891,user_890,Mumbai,2026-01-01,,True
U892,user_891,Bangalore,2026-01-01,,True
U893,user_892,Delhi,2026-01-01,,True
U894,user_893,Jaipur,2026-01-01,,True
U895,user_894,Bangalore,2026-01-01,2026-04-15,False
U895,user_894,Delhi,2026-04-16,,True
U896,user_895,Bangalore,2026-01-01,,True
U897,user_896,Jaipur,2026-01-01,,True
U898,user_897,Mumbai,2026-01-01,,True
U899,user_898,Bangalore,2026-01-01,,True
U900,user_899,Jaipur,2026-01-01,,True
U901,user_900,Bangalore,2026-01-01,2026-04-15,False
U901,user_900,Mumbai,2026-04-16,,True
U902,user_901,Mumbai,2026-01-01,,True
U903,user_902,Bangalore,2026-01-01,,True
U904,user_903,Jaipur,2026-01-01,,True
U905,user_904,Mumbai,2026-01-01,,True
U906,user_905,Bangalore,2026-01-01,,True
U907,user_906,Jaipur,2026-01-01,,True
U908,user_907,Mumbai,2026-01-01,,True
U909,user_908,Delhi,2026-01-01,2026-04-15,False
U909,user_908,Bangalore,2026-04-16,,True
U910,user_909,Mumbai,2026-01-01,,True
U911,user_910,Delhi,2026-01-01,,True
U912,user_911,Jaipur,2026-01-01,,True
U913,user_912,Jaipur,2026-01-01,,True
U914,user_913,Jaipur,2026-01-01,,True
U915,user_914,Jaipur,2026-01-01,,True
U916,user_915,Jaipur,2026-01-01,,True
U917,user_916,Bangalore,2026-01-01,,True
U918,user_917,Mumbai,2026-01-01,,True
U919,user_918,Delhi,2026-01-01,2026-04-15,False
U919,user_918,Bangalore,2026-04-16,,True
U920,user_919,Bangalore,2026-01-01,,True
U921,user_920,Mumbai,2026-01-01,2026-04-15,False
U921,user_920,Bangalore,2026-04-16,,True
U922,user_921,Bangalore,2026-01-01,2026-04-15,False
U922,user_921,Jaipur,2026-04-16,,True
U923,user_922,Delhi,2026-01-01,,True
U924,user_923,Mumbai,2026-01-01,,True
U925,user_924,Bangalore,2026-01-01,2026-04-15,False
U925,user_924,Mumbai,2026-04-16,,True
U926,user_925,Delhi,2026-01-01,,True
U927,user_926,Bangalore,2026-01-01,,True
U928,user_927,Jaipur,2026-01-01,,True
U929,user_928,Jaipur,2026-01-01,2026-04-15,False
U929,user_928,Mumbai,2026-04-16,,True
U930,user_929,Bangalore,2026-01-01,,True
U931,user_930,Bangalore,2026-01-01,,True
U932,user_931,Mumbai,2026-01-01,,True
U933,user_932,Bangalore,2026-01-01,,True
U934,user_933,Mumbai,2026-01-01,,True
U935,user_934,Delhi,2026-01-01,,True
U936,user_935,Mumbai,2026-01-01,,True
U937,user_936,Bangalore,2026-01-01,,True
U938,user_937,Bangalore,2026-01-01,,True
U939,user_938,Mumbai,2026-01-01,,True
U940,user_939,Delhi,2026-01-01,,True
U941,user_940,Jaipur,2026-01-01,,True
U942,user_941,Mumbai,2026-01-01,,True
U943,user_942,Delhi,2026-01-01,,True
U944,user_943,Mumbai,2026-01-01,,True
U945,user_944,Jaipur,2026-01-01,,True
U946,user_945,Delhi,2026-01-01,2026-04-15,False
U946,user_945,Mumbai,2026-04-16,,True
U947,user_946,Delhi,2026-01-01,,True
U948,user_947,Bangalore,2026-01-01,,True
U949,user_948,Jaipur,2026-01-01,,True
U950,user_949,Jaipur,2026-01-01,2026-04-15,False
U950,user_949,Mumbai,2026-04-16,,True
U951,user_950,Mumbai,2026-01-01,,True
U952,user_951,Mumbai,2026-01-01,,True
U953,user_952,Delhi,2026-01-01,,True
U954,user_953,Jaipur,2026-01-01,,True
U955,user_954,Jaipur,2026-01-01,,True
U956,user_955,Delhi,2026-01-01,,True
U957,user_956,Bangalore,2026-01-01,,True
U958,user_957,Jaipur,2026-01-01,,True
U959,user_958,Mumbai,2026-01-01,,True
U960,user_959,Mumbai,2026-01-01,2026-04-15,False
U960,user_959,Bangalore,2026-04-16,,True
U961,user_960,Mumbai,2026-01-01,,True
U962,user_961,Mumbai,2026-01-01,,True
U963,user_962,Mumbai,2026-01-01,2026-04-15,False
U963,user_962,Bangalore,2026-04-16,,True
U964,user_963,Jaipur,2026-01-01,,True
U965,user_964,Jaipur,2026-01-01,,True
U966,user_965,Mumbai,2026-01-01,,True
U967,user_966,Delhi,2026-01-01,,True
U968,user_967,Jaipur,2026-01-01,,True
U969,user_968,Bangalore,2026-01-01,2026-04-15,False
U969,user_968,Delhi,2026-04-16,,True
U970,user_969,Delhi,2026-01-01,,True
U971,user_970,Mumbai,2026-01-01,,True
U972,user_971,Bangalore,2026-01-01,2026-04-15,False
U972,user_971,Jaipur,2026-04-16,,True
U973,user_972,Jaipur,2026-01-01,,True
U974,user_973,Mumbai,2026-01-01,,True
U975,user_974,Delhi,2026-01-01,2026-04-15,False
U975,user_974,Bangalore,2026-04-16,,True
U976,user_975,Mumbai,2026-01-01,,True
U977,user_976,Delhi,2026-01-01,2026-04-15,False
U977,user_976,Bangalore,2026-04-16,,True
U978,user_977,Jaipur,2026-01-01,,True
U979,user_978,Mumbai,2026-01-01,,True
U980,user_979,Delhi,2026-01-01,2026-04-15,False
U980,user_979,Mumbai,2026-04-16,,True
U981,user_980,Jaipur,2026-01-01,,True
U982,user_981,Delhi,2026-01-01,,True
U983,user_982,Delhi,2026-01-01,,True
U984,user_983,Delhi,2026-01-01,2026-04-15,False
U984,user_983,Jaipur,2026-04-16,,True
U985,user_984,Bangalore,2026-01-01,,True
U986,user_985,Bangalore,2026-01-01,,True
U987,user_986,Bangalore,2026-01-01,,True
U988,user_987,Mumbai,2026-01-01,,True
U989,user_988,Jaipur,2026-01-01,,True
U990,user_989,Jaipur,2026-01-01,,True
U991,user_990,Mumbai,2026-01-01,,True
U992,user_991,Delhi,2026-01-01,,True
U993,user_992,Delhi,2026-01-01,,True
U994,user_993,Mumbai,2026-01-01,,True
U995,user_994,Mumbai,2026-01-01,,True
U996,user_995,Delhi,2026-01-01,,True
U997,user_996,Bangalore,2026-01-01,,True
U998,user_997,Mumbai,2026-01-01,,True
U999,user_998,Bangalore,2026-01-01,,True
U1000,user_999,Jaipur,2026-01-01,,True
